"P",4.89415,-3.00426,10.6993,0,50,0,1,2,3,4,5,16,17,18,19,20,21,44,45,46,47,48,49,50,51,52,53,54,55,73,74,75,80,81,87,99,103,104,105,106,107,108,109,110,111,113,114,120,121,122,124,125,126,127,128,0,0,0,948.711,-1,0,0
"P",6.644,-0.965167,10.218,0,39,0,1,2,3,4,5,6,18,19,45,49,50,51,52,53,54,55,56,68,74,75,80,81,87,101,103,104,105,106,107,108,109,110,111,112,113,114,121,122,0,0,0,948.711,-1,0,0
"P",4.88895,-4.30959,10.7031,0,41,0,1,2,3,4,18,19,20,21,22,44,45,46,47,48,49,50,51,52,53,54,73,74,75,80,81,87,103,104,105,106,107,108,109,110,113,114,125,126,127,128,0,0,0,948.711,-1,0,0
"P",4.8264,-5.30093,10.323,0,37,0,1,2,3,4,18,19,20,21,22,45,46,47,48,49,50,51,52,53,73,74,75,81,87,104,105,106,107,108,109,113,114,124,125,126,127,128,0,0,0,948.711,-1,0,0
"P",3.17115,3.80649,10.7269,0,56,0,1,5,6,7,8,9,10,13,14,15,17,18,52,53,55,56,57,58,63,64,65,66,67,68,70,77,78,80,81,96,97,98,99,100,101,102,103,104,106,107,108,110,111,112,113,114,115,116,117,118,119,120,121,125,126,0,0,0,948.711,-1,0,0
"P",4.95675,-1.35108,10.7054,0,58,0,1,2,3,4,5,6,16,17,18,19,20,44,45,46,47,49,50,51,52,53,54,55,68,70,71,73,74,75,76,80,81,87,98,99,100,101,103,104,105,106,107,108,109,110,111,112,113,114,120,121,122,123,124,125,126,127,128,0,0,0,948.711,-1,0,0
"P",2.84544,2.08125,11.1403,0,60,0,1,2,7,8,9,10,11,13,14,15,16,17,18,19,27,28,29,30,34,44,45,64,65,66,67,68,69,70,76,77,78,79,80,81,84,87,94,96,97,98,99,100,101,102,107,112,115,116,117,118,119,120,122,123,124,125,126,127,128,0,0,0,948.711,-1,0,0
"P",0.692642,-1.80541,10.8495,0,75,0,1,2,4,5,15,16,17,18,19,20,22,25,26,27,28,29,34,35,36,37,38,43,44,45,47,50,51,52,53,54,66,67,68,69,70,71,72,73,74,75,76,77,80,84,85,87,88,94,96,98,99,100,101,102,103,104,106,107,108,109,110,113,114,117,118,119,120,121,122,123,124,125,126,127,0,0,0,948.711,-1,0,0
"P",1.55198,-0.687973,11.1675,0,89,0,1,2,3,4,5,6,7,8,14,15,16,17,18,19,20,21,25,26,27,28,29,30,34,35,36,37,43,44,45,46,47,49,50,51,52,53,54,55,66,67,68,69,70,71,72,73,74,75,76,77,80,81,82,84,85,87,88,94,96,97,98,99,100,101,102,103,104,106,107,108,109,110,111,112,113,114,117,118,119,120,121,122,123,124,125,126,127,128,0,0,0,948.711,-1,0,0
"P",0.163368,-3.62656,10.4708,0,69,0,1,2,3,4,15,16,17,18,19,20,21,22,23,24,25,26,27,28,35,36,37,38,39,42,43,44,45,46,47,48,49,50,51,52,53,69,70,71,72,73,74,75,80,81,84,85,87,88,92,99,100,104,106,107,108,109,113,114,117,119,120,121,122,124,125,126,127,128,0,0,0,948.711,-1,0,0
"P",4.90933,0.22608,10.7058,0,59,0,1,2,3,4,5,6,7,15,16,17,18,19,45,50,51,52,53,54,55,56,57,66,67,68,69,70,74,75,80,81,87,98,99,100,101,102,103,104,105,106,107,108,109,110,111,112,113,114,117,119,120,121,122,123,124,125,126,128,0,0,0,948.711,-1,0,0
"P",4.03456,1.69243,10.6323,0,66,0,1,2,3,4,5,6,7,14,15,16,17,18,19,20,44,45,50,51,52,53,54,55,56,64,66,67,68,69,70,71,76,77,78,79,80,81,87,97,98,99,100,101,102,104,105,106,107,108,109,110,113,114,116,117,118,119,120,121,122,123,124,125,126,127,128,0,0,0,948.711,-1,0,0
"P",1.93882,-1.87597,11.8225,0,64,0,1,4,5,15,16,17,18,19,20,21,22,26,27,28,35,36,37,43,44,45,46,47,49,51,52,53,54,66,67,68,69,70,71,84,85,87,88,96,97,98,99,100,101,102,103,104,105,106,107,108,109,110,111,113,117,119,120,121,122,123,124,125,126,0,0,0,948.711,-1,0,0
"P",5.02275,2.21408,10.7005,0,58,0,1,2,4,5,6,7,8,15,16,17,18,51,52,53,54,55,56,57,58,59,63,64,65,66,67,68,69,70,77,78,79,80,81,87,98,99,100,101,102,103,104,105,106,107,108,109,110,111,112,113,114,118,119,120,121,122,123,0,0,0,948.711,-1,0,0
"P",1.48017,-3.98389,11.0353,0,63,0,1,2,3,4,16,17,18,19,20,21,22,23,24,25,26,27,37,38,39,42,43,44,45,46,47,48,49,50,51,52,53,69,70,71,72,73,74,75,80,81,84,85,87,88,99,104,105,106,107,108,109,110,113,114,120,121,122,124,125,126,127,128,0,0,0,948.711,-1,0,0
"P",2.22721,-2.84232,11.7605,0,58,0,1,2,3,5,16,17,18,19,20,21,22,23,24,25,26,27,36,37,38,43,44,45,46,47,48,49,50,51,52,53,54,68,70,71,72,73,74,75,80,81,85,87,103,105,106,107,108,110,113,114,121,122,123,125,126,127,128,0,0,0,948.711,-1,0,0
"P",4.3457,-0.382121,10.6647,0,55,0,1,2,3,4,5,6,7,15,16,17,18,45,50,51,52,53,54,55,56,57,66,67,68,69,75,80,81,87,98,99,100,101,102,103,104,105,106,107,108,109,110,111,112,113,114,117,119,120,121,122,123,124,125,126,0,0,0,948.711,-1,0,0
"P",3.00866,-2.6735,10.6907,0,47,0,1,2,3,4,17,18,19,20,21,44,45,46,47,48,49,50,51,52,53,69,70,71,72,73,74,75,80,81,84,87,88,100,102,103,106,107,108,109,111,113,114,124,125,126,127,128,0,0,0,948.711,-1,0,0
"P",0.824174,-6.39121,10.9234,0,45,0,1,2,3,17,18,19,20,21,22,23,24,25,26,38,39,42,43,44,45,46,47,48,49,50,51,69,70,71,72,73,74,75,87,88,92,107,108,113,114,124,125,126,127,128,0,0,0,948.711,-1,0,0
"P",6.19433,1.99578,10.2072,0,48,0,1,2,4,5,6,7,8,17,18,51,52,53,54,55,56,57,58,63,64,65,66,67,68,78,79,80,81,87,98,99,101,103,104,105,106,107,108,109,110,111,112,113,114,120,121,122,123,0,0,0,948.711,-1,0,0
"P",1.67121,-6.17192,10.929,0,42,0,1,2,3,18,19,20,21,22,23,24,25,26,38,39,42,43,44,45,46,47,48,49,50,51,52,70,71,72,73,74,75,106,107,108,113,114,124,125,126,127,128,0,0,0,948.711,-1,0,0
"P",3.47091,-3.53621,10.6324,0,61,0,1,2,3,4,5,16,17,18,19,20,21,22,24,25,44,45,46,47,48,49,50,51,52,53,54,69,70,71,72,73,74,75,80,81,84,87,88,98,99,100,103,104,105,106,107,108,109,110,113,114,117,119,120,121,122,124,125,126,127,128,0,0,0,948.711,-1,0,0
"P",6.02619,0.309656,10.2011,0,46,0,1,2,3,4,5,6,7,17,18,19,50,51,52,53,54,55,56,57,66,67,68,70,80,81,87,98,99,100,101,103,104,105,106,107,108,109,110,111,112,113,114,120,121,122,123,0,0,0,948.711,-1,0,0
"P",4.92122,-2.27283,10.3275,0,55,0,1,2,3,4,5,6,16,17,18,19,20,21,44,45,46,47,48,49,50,51,52,53,54,55,56,73,74,75,76,80,81,87,99,101,103,104,105,106,107,108,109,110,111,112,113,114,120,121,122,124,125,126,127,128,0,0,0,948.711,-1,0,0
"P",-0.757797,2.23815,10.7047,0,85,0,1,4,5,6,7,8,9,10,11,12,13,14,15,16,17,18,19,26,27,28,29,30,31,32,33,34,35,36,37,43,44,45,55,64,65,66,67,68,69,70,71,72,76,77,78,79,80,81,82,83,84,85,87,88,89,93,94,95,96,97,98,99,100,101,102,106,107,108,113,114,115,116,117,118,119,120,121,122,123,124,125,126,127,128,0,0,0,948.711,-1,0,0
"P",0.640281,3.82295,10.851,0,51,0,1,4,17,18,27,29,30,31,32,33,44,45,55,56,57,58,64,65,66,67,68,69,70,71,78,80,82,84,94,96,97,100,101,102,106,107,108,109,111,112,113,115,116,117,118,119,120,121,124,125,0,0,0,948.711,-1,0,0
"P",-1.20467,-0.312963,11.1992,0,88,0,1,2,4,5,10,11,13,14,15,16,17,18,19,20,21,23,24,25,26,27,28,29,30,31,32,33,34,35,36,37,38,43,44,45,66,67,68,69,70,71,72,73,74,75,76,77,78,80,81,82,83,84,85,86,87,88,89,92,93,94,95,96,97,98,99,100,101,102,103,106,107,108,109,113,114,117,118,119,120,121,122,123,124,125,126,127,128,0,0,0,948.711,-1,0,0
"P",0.788794,2.46781,10.8607,0,89,0,1,2,4,5,6,7,8,9,10,11,12,13,14,15,16,17,18,19,26,27,28,29,30,31,32,33,34,35,36,43,44,45,53,54,55,56,57,64,65,66,67,68,69,70,71,72,76,77,78,79,80,81,82,84,87,94,95,96,97,98,99,100,101,102,103,106,107,108,109,110,111,112,113,114,115,116,117,118,119,120,121,122,123,124,125,126,127,128,0,0,0,948.711,-1,0,0
"P",-0.776496,-1.45378,10.6951,0,76,0,1,2,3,4,5,15,16,17,18,19,20,21,22,23,24,25,26,27,28,29,34,35,36,37,38,43,44,45,46,51,52,66,67,68,69,70,71,72,73,74,75,76,77,80,81,84,85,86,87,88,89,92,96,98,99,100,101,102,103,107,109,113,114,117,118,119,120,121,122,123,124,125,126,127,128,0,0,0,948.711,-1,0,0
"P",1.46273,2.02631,11.1367,0,76,0,1,2,4,5,6,7,8,9,10,13,14,15,16,17,18,19,27,29,43,44,45,52,53,54,55,56,57,64,65,66,67,68,69,70,71,72,76,77,78,79,80,81,82,84,85,87,97,98,99,100,101,102,103,106,107,108,109,110,111,112,113,114,116,117,118,119,120,121,122,123,124,125,126,127,128,0,0,0,948.711,-1,0,0
"P",2.12681,3.25156,12.248,0,62,0,1,4,5,6,11,15,16,17,18,19,27,28,29,30,33,44,45,52,53,54,55,56,58,63,64,67,68,69,70,71,77,78,79,84,87,96,97,98,99,100,101,102,104,105,106,107,108,109,110,111,113,116,117,119,120,121,122,123,124,125,126,0,0,0,948.711,-1,0,0
"P",1.19341,0.443561,10.6965,0,75,0,1,2,3,4,5,6,15,16,17,18,19,20,26,27,28,29,30,34,35,36,43,44,45,51,52,53,54,55,67,68,69,70,71,72,73,74,75,76,77,78,80,81,84,85,87,88,94,96,97,98,99,100,101,102,103,106,107,108,109,110,111,113,114,117,119,120,121,122,123,124,125,126,127,128,0,0,0,948.711,-1,0,0
"P",3.07505,3.23762,10.6893,0,66,0,1,4,5,6,7,8,13,14,15,16,17,18,19,45,52,53,54,55,56,57,65,66,67,68,69,70,76,77,78,79,80,81,84,87,96,97,98,99,100,101,102,103,104,105,106,107,108,109,110,111,112,113,114,116,117,118,119,120,121,122,123,124,125,126,127,0,0,0,948.711,-1,0,0
"P",6.32708,1.34454,10.2103,0,47,0,1,2,4,5,6,7,8,17,18,51,52,53,54,55,56,57,58,63,65,66,67,68,70,79,80,81,87,98,99,101,103,104,105,106,107,108,109,110,111,112,113,114,120,121,122,123,0,0,0,948.711,-1,0,0
"P",6.4005,-0.401548,10.2101,0,45,0,1,2,3,4,5,6,7,17,18,19,49,50,51,52,53,54,55,56,57,67,68,74,75,80,81,87,99,101,103,104,105,106,107,108,109,110,111,112,113,114,120,121,122,123,0,0,0,948.711,-1,0,0
"P",6.22536,-1.18631,10.2081,0,45,0,1,2,3,4,5,6,18,19,20,45,49,50,51,52,53,54,55,56,68,74,75,80,81,87,99,101,103,104,105,106,107,108,109,110,111,112,113,114,120,121,122,123,124,125,0,0,0,948.711,-1,0,0
"P",3.75049,-6.09477,10.6654,0,40,0,1,2,3,4,17,18,19,20,21,22,23,43,44,45,46,47,48,49,50,51,52,53,72,73,74,75,87,103,106,107,108,109,113,114,124,125,126,127,128,0,0,0,948.711,-1,0,0
"P",6.08311,-2.73061,10.2062,0,42,0,1,2,3,4,5,18,19,20,21,45,46,47,48,49,50,51,52,53,54,55,73,74,75,80,81,87,99,103,104,105,106,107,108,109,110,111,113,114,124,125,126,0,0,0,948.711,-1,0,0
"P",-1.7338,-1.61431,12.2383,0,72,0,1,2,3,4,15,16,17,18,19,22,23,24,25,26,27,28,29,30,33,34,35,36,37,42,43,44,45,66,67,68,69,70,71,72,73,74,75,77,80,81,84,85,86,87,88,89,90,92,93,94,95,96,97,98,99,100,101,102,107,113,114,117,119,120,122,123,124,125,126,127,128,0,0,0,948.711,-1,0,0
"P",6.37067,-3.80888,10.2134,0,37,0,1,2,3,4,19,20,21,45,46,47,48,49,50,51,52,53,54,73,74,75,80,81,87,103,104,105,106,107,108,109,110,113,114,125,126,127,0,0,0,948.711,-1,0,0
"P",6.16096,-5.37597,10.2079,0,32,0,1,2,3,20,21,46,47,48,49,50,51,52,53,54,73,74,75,81,104,105,106,107,108,109,110,113,114,125,126,127,128,0,0,0,948.711,-1,0,0
"P",4.21424,-1.82611,12.241,0,42,0,1,4,5,16,17,18,19,21,43,45,46,47,48,49,51,52,53,54,55,68,69,71,99,101,104,105,106,107,108,109,110,111,113,114,121,122,123,124,125,126,128,0,0,0,948.711,-1,0,0
"P",1.11348,-1.05346,10.7026,0,87,0,1,2,3,4,5,6,14,15,16,17,18,19,20,21,22,24,25,26,27,28,29,34,35,36,37,38,43,44,45,46,49,50,51,52,53,54,55,66,67,68,69,70,71,72,73,74,75,76,77,80,81,84,85,87,88,94,96,97,98,99,100,101,102,103,104,106,107,108,109,110,111,112,113,114,117,118,119,120,121,122,123,124,125,126,127,128,0,0,0,948.711,-1,0,0
"P",-1.81245,-5.28495,12.235,0,36,0,1,2,17,18,19,20,21,22,23,25,26,27,35,36,37,39,40,42,43,44,45,46,47,49,69,70,71,72,90,91,122,124,125,126,127,0,0,0,948.711,-1,0,0
"P",2.251,0.0797084,11.7829,0,82,0,1,2,3,4,5,6,7,8,15,16,17,18,19,20,25,26,27,28,29,34,35,36,37,43,44,45,50,51,52,53,54,55,65,67,68,69,70,71,72,73,74,75,76,77,78,80,81,84,85,87,94,96,97,98,99,100,101,104,105,106,107,108,109,110,111,112,113,114,116,117,118,119,120,121,122,123,124,125,126,127,128,0,0,0,948.711,-1,0,0
"P",3.06788,0.474954,10.6985,0,57,0,1,2,3,4,5,15,16,17,18,19,20,44,45,50,51,52,53,54,55,67,68,69,70,71,73,75,76,77,80,81,85,87,96,98,99,101,104,105,106,107,108,109,110,111,113,114,119,120,121,122,123,124,125,126,127,128,0,0,0,948.711,-1,0,0
"P",2.25784,-0.96738,11.1718,0,81,0,1,2,3,4,5,6,7,14,15,16,17,18,19,20,21,22,24,25,26,27,28,29,35,36,37,43,44,45,46,47,49,50,51,52,53,54,55,66,67,68,69,70,71,72,73,74,75,76,80,81,87,88,94,98,99,100,101,102,103,104,105,106,107,108,109,110,111,112,113,114,118,120,121,122,123,124,125,126,127,128,0,0,0,948.711,-1,0,0
"P",1.07678,-3.13176,10.703,0,69,0,1,2,3,4,5,16,17,18,19,20,21,22,23,24,25,26,27,28,36,37,38,43,44,45,46,47,48,49,50,51,52,53,68,69,70,71,72,73,74,75,80,81,84,85,87,88,99,100,103,104,106,107,108,109,110,113,114,117,119,120,121,122,123,124,125,126,127,128,0,0,0,948.711,-1,0,0
"P",2.39614,-6.83392,10.9202,0,38,0,1,2,3,18,19,20,21,22,23,24,42,43,44,45,46,47,48,49,50,51,52,69,72,73,74,75,87,106,107,108,113,114,124,125,126,127,128,0,0,0,948.711,-1,0,0
"P",0.423954,-5.12748,10.8563,0,49,0,1,2,3,4,16,17,18,19,20,24,25,26,27,36,37,38,43,44,45,50,51,52,69,70,71,72,73,74,75,81,84,85,87,88,92,99,107,108,109,113,114,120,122,124,125,126,127,128,0,0,0,948.711,-1,0,0
"P",6.09535,3.29735,10.2024,0,49,0,1,4,5,6,7,8,9,16,17,52,53,54,55,56,57,58,59,63,64,65,66,67,68,69,78,79,80,81,87,98,101,102,103,104,105,106,107,108,109,110,111,112,113,114,120,121,122,123,0,0,0,948.711,-1,0,0
"P",3.65751,-0.991826,10.6354,0,67,0,1,2,3,4,5,6,15,16,17,18,19,20,21,25,26,27,43,44,45,46,47,48,49,50,51,52,53,54,67,68,69,70,71,73,74,75,76,80,81,84,87,98,99,101,103,104,105,106,107,108,109,110,111,112,113,114,117,119,121,122,123,124,125,126,127,128,0,0,0,948.711,-1,0,0
"P",2.22353,-3.79056,11.0355,0,65,0,1,2,3,4,5,16,17,18,19,20,21,22,23,24,25,26,27,37,38,43,44,45,46,47,48,49,50,51,52,53,54,69,70,71,72,73,74,75,80,81,84,85,87,88,98,99,103,104,105,106,107,108,109,110,113,114,120,121,122,124,125,126,127,128,0,0,0,948.711,-1,0,0
"P",5.31302,0.974597,10.339,0,56,0,1,2,4,5,6,7,8,16,17,18,19,44,45,50,51,52,53,54,55,56,57,65,66,67,68,69,70,71,76,79,80,81,87,98,99,100,101,102,103,104,105,106,107,108,109,110,111,112,113,114,119,120,121,122,123,0,0,0,948.711,-1,0,0
"P",2.76553,-3.32398,11.0302,0,67,0,1,2,3,4,5,16,17,18,19,20,21,22,23,24,25,26,27,37,38,43,44,45,46,47,48,49,50,51,52,53,54,69,70,71,72,73,74,75,80,81,84,87,88,98,99,100,104,105,106,107,108,109,110,111,113,114,117,119,120,121,122,124,125,126,127,128,0,0,0,948.711,-1,0,0
"P",2.20354,-4.93204,11.7321,0,51,0,1,2,3,4,17,18,19,20,21,24,25,26,37,38,39,43,44,45,46,49,50,51,52,53,69,70,71,72,73,74,75,81,84,85,87,88,99,105,106,107,108,109,113,114,122,124,125,126,127,128,0,0,0,948.711,-1,0,0
"P",2.99205,-3.90081,10.6985,0,47,0,1,2,4,16,17,18,19,22,23,25,43,44,45,50,51,52,53,54,69,70,71,72,73,75,80,84,87,88,99,103,104,105,106,107,108,109,110,113,114,120,121,122,124,125,126,127,0,0,0,948.711,-1,0,0
"P",-2.67419,-1.65642,10.695,0,70,0,1,4,15,16,17,18,19,20,21,24,25,26,27,28,29,30,32,33,34,35,36,37,38,39,43,44,45,67,68,69,70,71,72,73,74,75,76,77,80,81,84,85,86,87,88,89,90,92,93,94,95,96,99,100,101,106,107,108,117,118,119,120,122,123,124,125,126,127,128,0,0,0,948.711,-1,0,0
"P",6.57209,0.588556,10.2156,0,44,0,1,2,4,5,6,7,17,18,50,51,52,53,54,55,56,57,63,66,67,68,79,80,81,87,98,99,101,103,104,105,106,107,108,109,110,111,112,113,114,120,121,122,123,0,0,0,948.711,-1,0,0
"P",2.74506,-6.19045,10.9313,0,37,0,1,2,3,17,18,19,20,21,22,23,24,25,44,45,46,47,48,49,50,51,52,53,72,73,74,75,106,107,108,113,114,124,125,126,127,128,0,0,0,948.711,-1,0,0
"P",-0.284848,3.17045,10.8525,0,82,0,1,4,5,6,7,8,9,10,11,13,14,15,16,17,18,19,26,27,28,29,30,31,32,33,34,35,36,43,44,45,55,56,65,66,67,68,69,70,71,72,76,77,78,79,80,81,82,83,84,87,93,94,95,96,97,98,99,100,101,102,106,107,108,109,110,111,112,113,115,116,117,118,119,120,121,122,123,124,125,126,127,0,0,0,948.711,-1,0,0
"P",-2.18138,-0.91592,11.1932,0,82,0,1,4,5,14,15,16,17,18,19,20,21,22,23,24,25,26,27,28,29,30,32,33,34,35,36,37,38,39,42,43,44,45,66,67,68,69,70,71,72,73,74,75,76,77,80,81,83,84,85,86,87,88,89,90,92,93,94,95,96,97,98,99,100,101,102,103,106,107,108,117,118,119,120,121,122,123,124,125,126,127,128,0,0,0,948.711,-1,0,0
"P",-3.12876,-3.40463,10.627,0,60,0,1,2,16,17,18,19,20,21,22,23,24,25,26,27,28,29,34,35,36,37,38,39,42,43,44,45,67,68,69,70,71,72,73,74,75,76,77,84,85,86,88,89,90,91,92,93,99,100,103,107,108,117,122,123,124,125,126,127,128,0,0,0,948.711,-1,0,0
"P",1.24698,3.0177,10.7105,0,86,0,1,4,5,6,7,8,9,10,11,12,13,14,15,16,17,18,19,26,27,28,29,30,31,32,33,35,36,43,44,45,53,54,55,56,57,64,65,66,67,68,69,70,71,72,76,77,78,79,80,81,82,84,87,94,95,96,97,98,99,100,101,102,103,106,107,108,109,110,111,112,113,114,115,116,117,118,119,120,121,122,123,124,125,126,127,0,0,0,948.711,-1,0,0
"P",6.55124,2.5731,10.2126,0,46,0,1,4,5,6,7,8,17,51,52,53,54,55,56,57,58,59,63,64,65,66,67,68,78,79,80,81,87,98,101,103,104,105,106,107,108,109,110,111,112,113,114,120,121,122,123,0,0,0,948.711,-1,0,0
"P",-0.301229,-1.01244,10.8548,0,88,0,1,2,3,4,5,6,13,14,15,16,17,18,19,20,21,22,23,24,25,26,27,28,29,30,33,34,35,36,37,38,39,43,44,45,46,51,52,53,54,66,67,68,69,70,71,72,73,74,75,76,77,80,81,84,85,87,88,89,92,94,95,96,97,98,99,100,101,102,103,106,107,108,109,113,114,117,118,119,120,121,122,123,124,125,126,127,128,0,0,0,948.711,-1,0,0
"P",-1.84149,-3.925,11.0403,0,67,0,1,2,3,16,17,18,19,20,21,22,23,24,25,26,27,28,29,34,35,36,37,38,39,40,41,42,43,44,45,46,47,50,68,69,70,71,72,73,74,75,77,80,81,84,85,86,87,88,89,90,91,92,93,99,100,107,108,117,120,122,123,124,125,126,127,128,0,0,0,948.711,-1,0,0
"P",2.26046,2.4341,11.1521,0,85,0,1,2,4,5,6,7,8,9,10,11,13,14,15,16,17,18,19,27,28,29,30,31,33,34,35,44,45,52,53,54,55,56,57,58,64,65,66,67,68,69,70,71,72,76,77,78,79,82,84,87,94,96,97,98,99,100,101,102,103,104,105,106,107,108,109,110,111,112,113,114,115,116,117,118,119,120,121,122,123,124,125,126,127,128,0,0,0,948.711,-1,0,0
"P",-1.0118,-3.26203,11.0245,0,65,0,1,2,3,4,16,17,18,19,20,21,22,23,24,25,26,27,28,29,34,35,36,37,38,39,40,42,43,44,45,46,47,67,68,69,70,71,72,73,74,75,77,80,81,84,85,86,87,88,89,92,95,99,100,107,117,119,120,122,123,124,125,126,127,128,0,0,0,948.711,-1,0,0
"P",1.16128,1.28399,10.7036,0,79,0,1,4,5,6,7,8,9,10,11,13,14,15,16,17,18,19,26,27,28,29,30,31,33,34,35,36,43,44,45,52,53,54,55,56,64,65,66,67,68,69,70,71,77,78,79,80,82,84,85,87,96,97,98,99,100,101,102,103,106,107,108,109,110,111,112,113,115,116,117,118,119,120,121,122,123,124,125,126,0,0,0,948.711,-1,0,0
"P",0.141482,1.70327,10.8514,0,93,0,1,2,4,5,6,7,8,9,10,11,12,13,14,15,16,17,18,19,20,25,26,27,28,29,30,31,32,33,34,35,36,37,43,44,45,53,54,55,64,65,66,67,68,69,70,71,72,76,77,78,79,80,81,82,83,84,85,87,88,94,95,96,97,98,99,100,101,102,103,106,107,108,109,110,111,112,113,114,115,116,117,118,119,120,121,122,123,124,125,126,127,128,0,0,0,948.711,-1,0,0
"P",1.1601,-5.05085,10.698,0,55,0,1,2,3,4,17,18,19,20,21,24,25,26,27,37,38,39,43,44,45,46,49,50,51,52,53,69,70,71,72,73,74,75,81,84,85,87,88,99,103,104,105,106,107,108,109,113,114,120,122,124,125,126,127,128,0,0,0,948.711,-1,0,0
"P",6.26358,-1.79862,10.2098,0,46,0,1,2,3,4,5,6,18,19,20,45,48,49,50,51,52,53,54,55,56,68,74,75,80,81,87,99,101,103,104,105,106,107,108,109,110,111,112,113,114,120,121,122,123,124,125,0,0,0,948.711,-1,0,0
"P",6.48947,-2.25927,10.216,0,39,0,1,2,3,4,5,19,20,45,46,48,49,50,51,52,53,54,55,74,75,80,81,87,101,103,104,105,106,107,108,109,110,111,113,114,121,122,124,125,0,0,0,948.711,-1,0,0
"P",6.61063,-3.10917,10.2209,0,36,0,1,2,3,4,19,20,45,46,47,48,49,50,51,52,53,54,55,74,75,80,81,87,103,104,105,106,107,108,109,110,111,113,114,125,126,0,0,0,948.711,-1,0,0
"P",6.01195,-4.53806,10.2022,0,36,0,1,2,3,4,19,20,21,45,46,47,48,49,50,51,52,53,54,73,74,75,80,81,104,105,106,107,108,109,110,113,114,125,126,127,128,0,0,0,948.711,-1,0,0
"P",6.59323,-4.7336,10.2165,0,25,0,1,2,3,4,20,21,45,46,47,48,49,50,51,52,53,54,73,74,75,109,110,125,126,127,0,0,0,948.711,-1,0,0
"P",-0.311036,-2.69465,10.8562,0,63,0,1,2,3,4,17,18,19,20,21,22,23,24,25,26,27,35,36,37,38,39,40,42,43,44,45,46,47,50,51,52,53,69,70,71,72,73,74,75,76,77,80,81,84,87,88,89,92,100,103,106,107,108,109,113,114,117,119,124,125,126,127,128,0,0,0,948.711,-1,0,0
"P",-0.77966,-4.35808,10.703,0,58,0,1,2,3,17,18,19,20,21,22,23,24,25,26,27,28,35,36,37,38,39,40,42,43,44,45,46,47,48,49,50,51,52,69,70,71,72,73,74,75,81,84,85,87,88,89,99,107,108,113,114,120,122,124,125,126,127,128,0,0,0,948.711,-1,0,0
"P",5.02047,3.53959,10.3258,0,59,0,1,4,5,6,7,8,9,10,13,15,16,17,18,52,53,54,55,56,57,58,59,63,64,65,66,67,68,69,70,78,79,80,81,87,97,98,99,100,101,102,103,104,105,106,107,108,109,110,111,112,113,114,116,119,120,121,122,123,0,0,0,948.711,-1,0,0
"P",0.051321,-4.56805,10.8562,0,64,0,1,2,3,4,16,17,18,19,20,21,22,23,24,25,26,27,28,36,37,38,39,40,42,43,44,45,46,47,48,49,50,51,52,53,69,70,71,72,73,74,75,81,84,85,87,88,89,92,99,106,107,108,109,113,114,120,121,122,124,125,126,127,128,0,0,0,948.711,-1,0,0
"P",2.84106,-0.304805,11.1738,0,76,0,1,2,3,4,5,6,7,8,14,15,16,17,18,19,20,21,25,26,27,28,29,35,36,43,44,45,46,66,67,68,69,70,71,72,73,74,75,76,80,81,84,85,87,94,96,97,98,99,100,101,102,103,104,105,106,107,108,109,110,111,112,113,114,117,118,119,120,121,122,123,124,125,126,127,128,0,0,0,948.711,-1,0,0
"P",0.772969,-0.118769,10.8598,0,95,0,1,2,3,4,5,6,7,8,9,10,13,14,15,16,17,18,19,20,21,22,24,25,26,27,28,29,30,31,33,34,35,36,37,38,43,44,45,46,51,52,53,54,55,65,66,67,68,69,70,71,72,73,74,75,76,77,80,81,82,84,85,87,88,94,95,96,97,98,99,100,101,102,103,106,107,108,109,110,111,112,113,114,117,118,119,120,121,122,123,124,125,126,127,128,0,0,0,948.711,-1,0,0
"P",2.77712,-1.50224,12.2329,0,34,0,1,2,15,16,17,18,19,21,25,26,27,28,43,44,45,68,69,70,71,72,80,87,88,99,107,120,122,123,124,125,126,127,128,0,0,0,948.711,-1,0,0
"P",-2.5819,-2.75891,10.6942,0,54,0,1,2,16,17,18,19,20,21,22,23,24,25,26,27,28,34,35,36,37,38,39,40,42,43,44,45,69,70,71,72,73,74,75,76,77,81,86,87,88,89,90,91,92,93,95,107,122,123,124,125,126,127,128,0,0,0,948.714,-1,0,0
"P",3.07948,6.30035,10.5891,0,10,78,101,106,107,108,109,110,121,122,123,0,0,0,3015.92,-1,0,0
"P",5.95039,-6.73638,10.1996,0,24,0,2,3,21,22,46,47,48,49,50,51,52,73,74,75,105,106,108,109,113,114,126,127,128,0,0,0,978.125,-1,0,0
"P",-1.15935,-6.26445,10.9141,0,46,0,2,3,18,19,20,21,22,23,24,25,26,27,35,36,37,38,39,40,41,42,43,44,45,46,47,48,49,50,69,70,71,72,73,74,75,88,92,107,113,114,124,125,126,127,128,0,0,0,978.125,-1,0,0
"P",-0.0922387,-5.67,10.8517,0,40,1,2,3,17,19,20,21,22,23,24,25,37,38,39,40,42,46,47,48,49,50,51,69,71,72,73,74,75,81,84,85,87,88,92,114,122,124,126,127,128,0,0,0,978.125,-1,0,0
"P",-0.813863,-7.05464,10.6874,0,42,0,2,3,18,19,20,21,22,23,24,25,26,37,38,39,40,42,43,44,45,46,47,48,49,50,69,70,71,72,73,74,75,85,88,107,113,114,124,125,126,127,128,0,0,0,978.125,-1,0,0
"P",-2.0421,-2.63284,12.2401,0,57,0,2,3,16,18,19,20,21,22,23,24,25,26,29,33,34,36,37,38,39,42,43,44,45,46,67,68,71,72,73,74,75,76,77,80,81,84,85,86,87,94,96,99,100,101,107,113,114,117,118,119,120,122,123,126,127,128,0,0,0,978.125,-1,0,0
"P",4.86876,-7.45106,10.686,0,21,0,2,3,20,21,22,46,47,48,49,50,51,52,72,73,74,75,106,126,127,128,0,0,0,978.125,-1,0,0
"P",6.46673,-5.77693,10.2132,0,25,0,2,3,21,46,47,48,49,50,51,52,53,73,74,75,81,105,106,108,109,113,114,126,127,128,0,0,0,978.125,-1,0,0
"P",3.92659,1.08934,12.2419,0,45,0,2,3,4,5,6,16,17,19,20,44,45,50,51,52,53,54,55,56,66,67,68,69,74,75,78,79,80,81,87,96,101,102,104,105,107,109,110,113,114,121,122,124,126,127,0,0,0,978.125,-1,0,0
"P",0.143903,-6.30155,10.4579,0,45,0,2,3,18,19,20,21,22,23,24,25,26,37,38,39,40,42,43,44,45,46,47,48,49,50,51,69,70,71,72,73,74,75,85,88,92,107,108,113,114,124,125,126,127,128,0,0,0,978.125,-1,0,0
"P",1.04581,-7.79388,10.6835,0,31,0,2,3,19,20,21,22,23,24,25,42,45,46,47,48,49,50,51,70,72,73,74,75,107,108,113,114,125,126,127,128,0,0,0,978.125,-1,0,0
"P",4.19645,-4.05076,10.6484,0,29,0,2,3,20,21,46,47,48,49,50,51,52,53,73,74,75,80,81,105,106,107,108,109,113,114,125,126,127,128,0,0,0,978.125,-1,0,0
"P",3.06522,-6.82366,10.6944,0,31,0,2,3,18,19,20,21,22,23,24,45,46,47,48,49,50,51,52,72,73,74,75,106,107,108,113,114,125,126,127,128,0,0,0,978.125,-1,0,0
"P",4.21653,-6.84924,10.6413,0,22,0,2,3,21,22,46,47,48,49,50,51,52,73,74,75,107,108,113,114,126,127,128,0,0,0,978.125,-1,0,0
"P",6.26116,-6.22772,10.2078,0,24,0,2,3,21,46,47,48,49,50,51,52,53,73,74,75,105,106,108,109,113,114,126,127,128,0,0,0,978.125,-1,0,0
"P",0.486048,-6.81682,10.85,0,43,0,2,3,18,19,20,21,22,23,24,25,26,37,38,39,40,42,43,44,45,46,47,48,49,50,51,69,70,71,72,73,74,75,88,107,108,113,114,124,125,126,127,128,0,0,0,978.125,-1,0,0
"P",1.86108,-7.89715,11.7374,0,29,0,2,3,19,20,21,22,23,24,45,46,47,48,49,50,51,70,72,73,74,75,107,108,113,114,125,126,127,128,0,0,0,978.125,-1,0,0
"P",5.26899,-8.07909,10.3299,0,20,2,3,21,22,46,47,48,49,50,51,52,73,74,75,108,113,114,126,127,128,0,0,0,981.339,-1,0,0
"P",6.52342,-7.62719,10.2118,0,15,2,3,46,47,48,49,50,51,52,74,75,113,114,127,128,0,0,0,981.339,-1,0,0
"P",-0.0491615,-8.16661,12.2288,0,29,2,3,19,20,21,22,23,24,25,37,38,39,42,46,47,48,49,50,70,71,72,73,74,75,114,125,126,127,128,0,0,0,981.339,-1,0,0
"P",-3.1741,-6.27593,10.6283,0,40,2,3,18,19,20,21,22,23,24,25,26,27,36,37,38,39,40,42,43,44,46,47,69,70,71,72,73,74,75,85,86,88,91,92,107,124,125,126,127,128,0,0,0,981.339,-1,0,0
"P",6.22834,-8.38595,10.2058,0,14,2,3,46,47,48,49,50,51,74,75,113,114,127,128,0,0,0,981.339,-1,0,0
"P",2.02889,1.15985,11.8099,0,77,2,3,4,5,6,7,8,9,10,13,14,15,16,17,19,20,25,28,29,30,33,34,35,37,51,53,54,55,56,57,64,65,66,67,68,69,72,75,76,77,78,79,80,81,82,84,85,87,96,97,98,99,100,101,102,103,104,105,106,108,109,110,111,112,114,115,116,117,118,119,120,121,122,123,124,127,128,0,0,0,981.339,-1,0,0
"P",-2.17656,-6.71405,10.9085,0,40,2,3,19,20,21,22,23,24,25,26,27,36,37,38,39,40,41,42,43,44,45,46,47,49,69,70,71,72,73,74,75,85,88,92,107,124,125,126,127,128,0,0,0,981.339,-1,0,0
"P",-0.812923,-5.57784,10.6955,0,39,2,3,17,19,20,21,22,23,24,25,27,37,38,39,40,41,42,46,47,49,50,51,69,72,73,74,75,81,84,85,88,89,92,99,114,122,124,125,128,0,0,0,981.339,-1,0,0
"P",0.962309,10.9855,10.0292,0,8,59,60,61,62,63,78,79,117,0,0,0,1252.15,-1,0,0
"P",3.90345,4.1457,12.2442,0,46,1,4,5,6,7,8,15,18,52,54,55,56,57,58,63,64,65,66,67,68,70,77,78,80,81,96,98,99,100,101,102,103,104,107,109,110,111,112,113,114,120,121,123,125,126,127,0,0,0,995.668,-1,0,0
"P",-1.56975,3.33428,12.244,0,62,1,4,5,6,8,9,10,11,12,15,16,17,18,26,27,28,29,30,33,34,35,36,43,44,45,67,68,69,70,71,72,77,78,79,84,85,87,88,89,93,94,95,96,97,98,99,100,101,102,106,107,115,116,117,119,120,122,123,124,125,126,127,0,0,0,995.668,-1,0,0
"P",-2.68549,0.329824,10.7016,0,74,1,4,14,15,16,17,18,19,20,24,25,26,27,28,29,30,32,33,34,35,36,37,38,43,44,45,66,67,68,69,70,71,72,73,75,76,77,80,81,82,83,84,85,86,87,88,89,90,92,93,94,95,96,97,98,99,100,101,102,106,107,108,117,118,119,120,121,122,123,124,125,126,127,128,0,0,0,995.668,-1,0,0
"P",2.34927,4.47572,12.2489,0,61,1,4,5,6,7,8,9,10,11,13,14,15,16,28,29,30,31,32,33,53,54,55,65,66,67,68,70,76,77,78,79,80,81,82,87,96,97,98,99,100,101,102,103,104,105,108,109,110,111,112,115,116,117,118,119,120,121,122,123,125,127,0,0,0,995.668,-1,0,0
"P",3.99886,2.62662,10.6552,0,60,1,4,5,6,7,8,9,10,13,14,15,16,17,18,53,54,55,56,57,58,63,64,65,66,67,68,69,70,78,79,80,84,87,97,98,99,100,101,102,103,104,105,106,107,108,109,110,111,112,115,116,117,118,119,120,121,122,123,124,125,0,0,0,995.668,-1,0,0
"P",6.69566,3.72028,10.2168,0,43,1,4,5,6,7,8,52,53,54,55,56,57,58,59,63,64,65,66,67,68,69,78,79,80,87,98,101,102,103,104,105,106,107,108,109,110,111,112,113,114,121,122,123,0,0,0,995.668,-1,0,0
"P",-1.68776,2.21114,11.1285,0,81,1,4,5,6,7,8,9,10,11,12,13,14,15,16,17,18,19,25,26,27,28,29,30,31,32,33,34,35,36,37,43,44,45,65,66,67,68,69,70,71,72,76,77,78,79,80,81,82,83,84,85,87,88,89,93,94,95,96,97,98,99,100,101,102,106,107,113,115,116,117,118,119,120,121,122,123,124,125,126,127,128,0,0,0,995.668,-1,0,0
"P",-3.07621,-0.50191,10.6338,0,74,1,4,5,14,15,16,17,18,19,20,24,25,26,27,28,29,30,33,34,35,36,37,38,43,44,45,65,67,68,69,70,71,72,73,74,75,76,77,80,81,83,84,85,86,87,88,89,90,92,93,94,95,96,97,99,100,101,102,103,106,107,108,117,118,119,120,121,122,123,124,125,126,127,128,0,0,0,995.668,-1,0,0
"P",1.16851,4.86261,10.707,0,69,1,4,5,6,7,8,9,10,11,12,13,14,15,16,17,18,28,29,30,31,32,33,34,55,56,57,58,63,64,65,66,67,68,69,70,71,77,78,79,80,82,87,96,97,98,99,100,101,102,106,107,108,109,110,111,112,113,115,116,117,118,119,120,121,122,123,124,125,126,0,0,0,995.668,-1,0,0
"P",2.72101,1.51781,12.2288,0,38,1,4,5,15,16,17,18,19,20,27,28,29,34,67,68,69,76,78,79,81,85,87,94,96,98,99,100,101,104,107,108,119,120,122,123,124,125,128,0,0,0,995.668,-1,0,0
"P",5.003,4.48912,10.7,0,51,1,4,5,6,7,8,9,14,15,16,53,54,55,56,57,58,59,63,64,65,66,67,68,69,78,79,80,87,97,98,99,100,101,102,103,104,105,106,107,108,109,110,111,112,113,116,119,120,121,122,123,0,0,0,995.668,-1,0,0
"P",6.29638,4.31817,10.2069,0,41,1,4,5,6,7,8,9,52,53,54,55,56,57,58,59,63,64,65,66,67,68,78,79,80,98,101,102,103,104,105,106,107,108,109,110,111,112,113,121,122,123,0,0,0,995.668,-1,0,0
"P",1.54672,5.53601,11.0649,0,66,1,4,5,6,7,8,9,10,11,12,13,14,15,16,17,28,29,30,31,32,33,55,56,57,58,61,63,64,65,66,67,68,69,70,77,78,79,80,82,87,96,97,98,99,100,101,102,106,107,108,109,110,111,112,115,116,117,118,119,120,121,122,123,124,125,126,0,0,0,995.668,-1,0,0
"P",2.3538,5.43054,11.0691,0,67,1,4,5,6,7,8,9,10,11,12,13,14,15,16,17,29,30,31,32,53,54,55,56,57,58,62,63,64,65,66,67,68,69,70,77,78,79,82,87,94,96,97,98,99,100,101,102,106,107,108,109,110,111,112,113,115,116,117,118,119,120,121,122,123,124,125,126,0,0,0,995.668,-1,0,0
"P",0.154468,1.0455,10.8463,0,74,1,4,5,6,7,8,9,10,11,12,13,14,15,16,17,25,27,28,29,30,31,32,33,34,35,37,53,54,55,64,65,66,67,68,69,72,76,77,78,79,81,82,83,84,85,87,88,94,95,96,97,98,99,100,101,102,103,106,108,109,110,111,112,115,116,117,118,119,120,121,122,123,124,127,0,0,0,995.668,-1,0,0
"P",4.96498,5.86138,10.6871,0,46,4,5,6,7,8,9,14,15,16,53,54,55,56,57,58,60,61,62,63,64,65,66,67,68,69,78,79,98,100,101,102,103,104,106,107,108,109,110,111,112,113,116,119,121,122,123,0,0,0,998.092,-1,0,0
"P",0.874694,5.5747,10.857,0,65,4,5,6,7,8,9,10,11,12,13,14,15,16,17,28,29,30,31,32,33,34,56,57,58,63,64,65,66,67,68,69,70,77,78,79,80,82,87,93,94,96,97,98,99,100,101,102,106,107,109,110,111,112,115,116,117,118,119,120,121,122,123,124,125,126,0,0,0,998.092,-1,0,0
"P",4.19951,7.41408,10.6353,0,41,4,5,6,7,8,9,10,13,14,15,16,55,56,57,59,60,61,62,64,65,66,67,68,69,78,79,97,98,99,100,101,102,109,110,111,112,115,116,121,122,123,0,0,0,998.092,-1,0,0
"P",3.58135,5.17052,10.6462,0,41,4,5,6,7,8,9,14,15,16,17,54,55,56,57,58,63,64,65,66,67,68,69,78,79,99,100,101,102,103,104,106,107,108,109,110,111,112,120,121,122,123,0,0,0,998.092,-1,0,0
"P",4.50415,5.09967,10.655,0,36,4,5,6,7,16,53,54,55,56,57,58,63,64,65,66,67,68,69,78,79,87,99,100,101,103,104,106,108,109,110,111,112,119,120,121,122,0,0,0,998.092,-1,0,0
"P",6.46565,5.15287,10.2093,0,37,4,5,6,7,8,9,53,54,55,56,57,58,59,63,64,65,66,67,68,78,79,80,98,101,102,103,104,107,108,109,110,111,112,113,121,122,123,0,0,0,998.092,-1,0,0
"P",-0.197929,10.8266,10.0652,0,6,59,60,61,62,63,117,0,0,0,1252.15,-1,0,0
"P",0.0159392,4.95352,10.8569,0,69,4,5,6,7,8,9,10,11,12,13,14,15,16,17,18,27,28,29,30,31,32,33,34,35,56,57,64,65,66,67,68,69,70,71,76,77,78,79,80,82,83,87,93,94,95,96,97,98,99,100,101,102,106,109,110,111,112,115,116,117,118,119,120,121,122,123,124,125,126,0,0,0,998.092,-1,0,0
"P",2.19759,6.63567,12.2477,0,44,4,5,6,9,10,11,15,16,54,55,56,58,60,61,62,63,64,67,68,69,78,79,87,96,97,98,99,100,101,102,106,108,109,110,111,115,116,117,119,120,121,122,123,124,0,0,0,998.092,-1,0,0
"P",3.17166,7.27595,10.7045,0,44,5,6,7,8,9,10,11,13,14,15,54,55,56,57,63,64,65,66,67,68,69,78,79,82,97,98,99,100,101,102,106,108,109,110,111,112,115,116,117,118,120,121,122,123,0,0,0,1000.12,-1,0,0
"P",5.00011,7.90716,10.6948,0,31,5,6,7,8,9,10,14,55,56,57,58,59,60,61,62,63,65,66,67,68,78,79,98,101,109,110,111,112,116,121,122,0,0,0,1000.12,-1,0,0
"P",6.7161,7.40051,10.2057,0,29,5,6,7,8,9,54,55,56,57,58,59,60,61,62,63,64,65,66,67,68,78,79,101,109,110,111,112,121,122,0,0,0,1000.12,-1,0,0
"P",0.878884,7.29931,10.8674,0,50,5,6,7,8,9,10,11,12,13,14,15,16,29,30,31,32,57,59,60,61,62,64,65,66,67,68,69,78,79,82,94,96,97,98,99,100,101,102,109,110,111,112,115,116,117,118,119,120,121,123,0,0,0,1000.12,-1,0,0
"P",5.25884,6.52249,10.3249,0,35,5,6,7,8,9,14,54,55,56,57,58,60,61,62,63,64,65,66,67,68,78,79,98,101,102,103,108,109,110,111,112,116,121,122,123,0,0,0,1000.12,-1,0,0
"P",6.21415,6.95813,10.2005,0,31,5,6,7,8,9,54,55,56,57,58,59,60,61,62,63,64,65,66,67,68,78,79,98,101,109,110,111,112,116,121,122,0,0,0,1000.12,-1,0,0
"P",6.07784,6.40075,10.1942,0,32,5,6,7,8,9,54,55,56,57,58,59,62,63,64,65,66,67,68,78,79,98,101,102,103,108,109,110,111,112,116,121,122,0,0,0,1000.12,-1,0,0
"P",6.54277,6.02029,10.2082,0,30,5,6,8,9,54,55,56,57,58,59,60,63,64,66,67,68,78,79,98,101,102,103,104,108,109,110,111,112,121,122,0,0,0,1000.12,-1,0,0
"P",3.21215,10.1062,10.6989,0,11,57,58,59,60,61,62,63,67,78,100,111,0,0,0,1228.68,-1,0,0
"P",1.58134,7.51884,11.0487,0,51,5,6,7,8,9,10,11,13,14,15,16,29,30,56,57,59,60,61,62,63,64,65,66,67,68,69,78,79,82,96,97,98,99,100,101,102,106,109,110,111,112,115,116,117,118,119,120,121,122,123,124,0,0,0,1000.12,-1,0,0
"P",-0.673159,4.45514,10.7015,0,61,5,6,7,8,9,10,11,12,13,14,15,16,17,18,27,28,29,30,31,32,33,34,35,44,56,64,65,66,67,68,69,70,71,79,82,83,84,87,93,94,95,96,97,98,99,100,102,106,110,112,115,116,117,118,119,120,122,123,124,125,126,0,0,0,1000.12,-1,0,0
"P",2.43029,8.15579,11.0434,0,42,5,6,7,8,9,10,13,14,15,31,56,57,58,59,60,61,62,63,64,65,66,67,68,78,79,82,97,98,99,100,101,102,109,110,111,112,115,116,117,118,120,123,0,0,0,1000.12,-1,0,0
"P",-0.661788,5.80895,10.698,0,58,6,7,8,9,10,11,12,13,14,15,16,17,28,29,30,31,32,33,34,62,64,65,66,67,68,69,70,77,78,79,80,82,83,93,94,95,96,97,98,99,100,101,102,106,110,111,112,115,116,117,118,119,120,121,122,123,124,125,0,0,0,1002.45,-1,0,0
"P",1.31376,8.67591,10.7069,0,33,6,7,8,10,13,14,58,59,60,61,62,63,65,66,67,78,79,82,96,97,98,99,100,101,102,110,111,112,116,117,118,120,123,0,0,0,1002.45,-1,0,0
"P",6.43505,8.21305,10.2016,0,25,6,7,8,55,56,57,58,59,60,61,62,63,64,65,66,67,68,78,79,109,110,111,112,121,122,0,0,0,1002.45,-1,0,0
"P",-1.59133,5.03584,11.0821,0,63,6,7,8,9,10,11,12,13,14,15,16,17,27,28,29,30,31,32,33,34,35,62,64,65,66,67,68,69,70,71,77,78,79,80,82,83,84,93,94,95,96,97,98,99,100,101,102,106,110,111,112,115,116,117,118,119,120,121,122,123,124,125,126,0,0,0,1002.45,-1,0,0
"P",0.266377,7.98957,10.855,0,50,6,7,8,9,10,11,12,13,14,15,16,29,30,31,32,33,59,60,61,62,63,64,65,66,67,68,69,78,79,82,83,94,96,97,98,99,100,101,102,110,111,112,115,116,117,118,119,120,123,124,0,0,0,1002.45,-1,0,0
"P",-1.0503,7.92317,11.022,0,47,7,8,9,10,11,12,13,14,15,16,29,30,31,32,33,60,61,62,63,65,66,67,69,78,79,82,83,93,94,95,96,97,98,99,100,101,102,111,112,115,116,117,118,119,120,123,124,0,0,0,1005.88,-1,0,0
"P",-0.691349,7.03669,10.7038,0,44,7,8,9,10,11,12,13,14,15,29,30,31,32,33,61,62,64,65,66,67,68,78,79,82,83,94,96,97,98,99,100,101,102,110,111,112,115,116,117,118,119,120,121,123,0,0,0,1005.88,-1,0,0
"P",-1.50329,4.64181,12.2376,0,46,7,8,10,11,12,13,15,16,28,29,30,31,32,33,34,36,68,69,70,72,76,77,79,82,83,84,88,93,94,95,96,97,98,99,100,102,115,116,117,118,119,120,122,123,124,125,0,0,0,1005.88,-1,0,0
"P",6.10971,9.76712,10.1893,0,15,56,57,58,59,60,61,62,63,64,67,78,79,110,111,112,0,0,0,1226.48,-1,0,0
"P",-2.50781,7.06391,10.6951,0,37,8,9,10,11,12,13,14,15,29,30,31,32,33,61,62,65,66,67,68,78,82,83,94,95,96,97,98,99,100,102,115,116,117,118,119,120,123,0,0,0,1007.81,-1,0,0
"P",-2.15776,7.60197,11.0335,0,44,8,9,10,11,12,13,14,15,29,30,31,32,33,34,60,61,62,65,66,67,68,69,78,79,82,83,93,94,95,96,97,98,99,100,102,112,115,116,117,118,119,120,123,124,0,0,0,1007.81,-1,0,0
"P",-2.55238,5.57706,10.6946,0,50,8,9,10,11,12,13,14,15,16,27,28,29,30,31,32,33,34,35,62,65,66,67,68,69,70,76,78,79,82,83,93,94,95,96,97,98,99,100,101,102,115,116,117,118,119,120,122,123,124,125,0,0,0,1007.81,-1,0,0
"P",-3.17472,7.5584,10.6299,0,41,8,9,10,11,12,13,14,15,28,29,30,31,32,33,34,61,62,66,67,69,78,79,82,83,93,94,95,96,97,98,99,100,101,102,115,116,117,118,119,120,124,0,0,0,1007.81,-1,0,0
"P",2.9797,4.97495,11.0595,0,33,8,9,10,11,13,14,15,16,17,30,31,62,67,68,69,70,82,87,96,97,98,99,100,102,115,116,117,118,119,120,123,124,126,0,0,0,1007.81,-1,0,0
"P",-0.264942,8.78516,10.8551,0,34,7,9,10,12,13,14,15,30,32,59,60,61,62,63,65,66,67,78,79,82,83,96,97,98,99,100,101,102,112,116,117,118,119,120,0,0,0,1007.81,-1,0,0
"P",-2.54875,2.87215,10.6947,0,70,8,9,10,11,12,13,14,15,16,17,18,25,26,27,28,29,30,31,32,33,34,35,36,37,43,44,45,65,66,67,68,69,70,71,72,76,77,78,80,81,82,83,84,85,88,89,90,93,94,95,96,97,98,99,100,101,102,115,116,117,118,119,120,121,122,123,124,125,126,127,0,0,0,1007.81,-1,0,0
"P",-2.51051,4.16801,10.6956,0,54,8,9,10,11,12,13,14,15,16,17,27,28,29,30,31,32,33,34,35,65,66,67,68,69,76,77,78,79,80,82,83,84,88,89,93,94,95,96,97,98,99,100,101,102,115,116,117,118,119,120,121,122,123,124,0,0,0,1007.81,-1,0,0
"P",-5.28866,7.31249,10.7664,0,28,9,10,11,12,13,14,29,30,31,32,33,82,83,93,94,95,96,97,98,99,100,102,115,116,117,118,119,120,0,0,0,1009.75,-1,0,0
"P",-5.30516,5.57985,10.7746,0,38,9,10,11,12,13,14,28,29,30,31,32,33,34,35,66,67,68,77,82,83,84,93,94,95,96,97,98,99,100,102,115,116,117,118,119,120,123,124,0,0,0,1009.75,-1,0,0
"P",-3.6068,4.75025,10.6616,0,52,9,10,11,12,13,14,15,16,26,27,28,29,30,31,32,33,34,35,36,44,67,68,69,70,71,76,77,78,80,81,82,83,84,89,93,94,95,96,97,98,99,100,102,115,116,117,118,119,120,123,124,125,0,0,0,1009.75,-1,0,0
"P",-4.39363,5.73258,10.6944,0,37,9,10,11,12,13,14,15,29,30,31,32,33,34,67,68,69,78,82,83,84,93,94,95,96,97,98,99,100,102,115,116,117,118,119,120,123,124,0,0,0,1009.75,-1,0,0
"P",6.5275,9.05098,10.1968,0,17,55,56,57,58,59,60,61,62,63,64,65,67,78,79,110,111,112,0,0,0,1224.6,-1,0,0
"P",-1.47544,1.28051,12.2372,0,64,8,10,13,14,15,16,17,19,20,25,27,28,29,30,31,32,33,34,35,37,43,66,67,68,69,72,73,74,75,76,77,78,79,80,81,82,83,84,85,87,88,89,92,93,94,95,96,97,98,99,100,102,115,116,117,118,119,120,122,123,124,126,127,128,0,0,0,1009.75,-1,0,0
"P",-3.71404,2.62007,10.6444,0,51,9,10,11,12,13,14,15,16,17,27,28,29,30,31,32,33,34,35,43,66,67,68,69,70,82,83,84,85,86,88,89,90,93,94,95,96,97,98,99,100,102,115,116,117,118,119,120,122,123,124,125,0,0,0,1009.75,-1,0,0
"P",-4.39245,4.1474,10.6911,0,41,9,10,13,14,15,16,28,29,30,32,33,34,35,66,67,68,69,82,83,84,85,86,89,90,93,94,95,96,97,98,99,100,102,116,117,118,119,120,122,123,124,0,0,0,1009.75,-1,0,0
"P",-6.27955,5.85655,10.6934,0,29,10,11,12,13,29,30,31,32,33,34,82,83,93,94,95,96,97,98,99,100,102,115,116,117,118,119,120,123,124,0,0,0,1012.09,-1,0,0
"P",-6.2564,7.84545,10.6892,0,24,10,11,12,13,30,31,32,33,82,83,93,94,95,96,97,98,100,102,115,116,117,118,119,120,0,0,0,1012.09,-1,0,0
"P",-3.89168,7.68541,10.6531,0,24,10,11,12,29,30,31,32,33,82,83,93,94,95,96,97,98,100,102,115,116,117,118,119,120,0,0,0,1012.09,-1,0,0
"P",-2.67804,1.18441,10.7029,0,62,10,11,12,13,14,15,16,18,26,27,28,29,30,31,32,33,34,35,36,44,45,66,67,68,69,70,71,74,76,78,81,82,83,84,85,86,88,89,90,92,93,94,95,96,97,98,99,100,101,102,115,116,117,118,119,120,121,122,123,124,125,128,0,0,0,1012.09,-1,0,0
"P",-6.29331,3.94084,10.7106,0,26,10,11,12,29,30,31,32,33,82,83,84,85,94,95,96,97,98,99,102,115,116,117,118,119,120,123,0,0,0,1012.09,-1,0,0
"P",-4.42266,2.91155,10.6886,0,57,10,11,12,13,14,15,16,26,27,28,29,30,31,32,33,34,35,36,37,43,44,67,68,69,70,71,72,76,77,82,83,84,85,86,88,89,90,93,94,95,96,97,98,99,100,102,115,116,117,118,119,120,122,123,124,125,126,0,0,0,1012.09,-1,0,0
"P",-5.07165,3.61544,10.3814,0,30,10,11,12,13,26,27,28,29,31,34,35,36,68,72,76,77,83,86,89,90,93,94,95,99,115,116,118,123,124,125,0,0,0,1012.09,-1,0,0
"P",-5.3234,4.75221,10.7677,0,32,11,12,28,29,30,31,32,33,34,35,82,83,84,85,86,89,93,94,95,96,97,98,99,102,115,116,117,118,119,123,124,125,0,0,0,1015.13,-1,0,0
"P",-7.28601,4.27176,10.8485,0,28,11,12,29,30,31,32,33,34,35,82,83,86,89,90,93,94,95,96,97,98,102,115,116,117,119,120,123,124,0,0,0,1015.13,-1,0,0
"P",-6.38043,2.39859,10.6739,0,44,11,12,27,28,29,30,31,32,33,34,35,36,37,43,68,72,76,77,82,83,84,85,86,88,89,90,91,93,94,95,96,97,98,102,115,116,117,118,119,120,123,124,125,126,0,0,0,1015.13,-1,0,0
"P",-7.87689,6.30914,10.8564,0,15,11,12,31,32,33,83,93,94,95,96,97,115,116,117,119,0,0,0,1015.13,-1,0,0
"P",-7.25146,6.88174,10.8607,0,15,11,12,31,32,33,82,83,93,94,95,96,97,115,116,118,0,0,0,1015.13,-1,0,0
"P",-7.68392,7.31929,10.8554,0,15,11,12,31,32,83,93,94,95,96,97,115,116,117,118,119,0,0,0,1015.13,-1,0,0
"P",-3.57765,5.65924,10.6495,0,33,11,12,13,14,15,28,29,30,31,32,33,66,67,68,78,82,83,93,94,95,96,97,98,99,100,102,115,116,117,118,119,120,123,0,0,0,1015.13,-1,0,0
"P",-7.64599,3.49085,10.852,0,26,11,12,29,30,31,32,33,34,35,83,86,89,90,93,94,95,96,97,98,102,115,116,119,120,123,124,0,0,0,1015.13,-1,0,0
"P",-5.33659,2.8655,10.77,0,47,11,12,14,15,26,27,28,29,30,31,32,33,34,35,36,68,69,70,71,72,76,77,82,83,84,85,86,88,89,90,93,94,95,96,97,98,99,100,102,115,117,118,119,120,123,124,126,0,0,0,1015.13,-1,0,0
"P",-7.85883,4.87512,10.8566,0,19,11,12,30,31,32,33,34,83,89,93,94,95,96,97,98,115,116,119,120,0,0,0,1015.13,-1,0,0
"P",-7.37307,5.52744,10.8523,0,24,11,12,30,31,32,33,34,82,83,89,93,94,95,96,97,98,102,115,116,117,118,119,120,123,0,0,0,1015.13,-1,0,0
"P",-4.47211,7.26381,10.6849,0,31,10,13,14,15,28,29,30,31,33,34,66,67,78,82,83,93,94,95,96,97,98,99,100,102,115,116,117,118,119,120,124,0,0,0,1023.18,-1,0,0
"P",-5.33305,1.24164,10.7733,0,50,13,14,15,16,26,27,28,29,30,31,32,33,34,35,36,43,44,45,67,68,69,70,71,82,83,84,85,86,88,89,90,91,93,94,95,96,97,98,102,115,116,117,118,119,120,122,123,124,125,126,0,0,0,1034.53,-1,0,0
"P",-3.38218,1.32126,12.2357,0,43,14,15,16,24,25,27,28,29,30,33,34,35,37,38,68,69,72,73,76,83,84,85,86,88,89,90,92,93,94,95,96,97,98,99,100,102,117,118,119,120,123,124,127,0,0,0,1039.08,-1,0,0
"P",5.43294,9.1283,10.3228,0,17,6,56,57,58,59,60,61,62,63,64,65,66,67,78,79,110,111,0,0,0,1224.6,-1,0,0
"P",-7.1058,-1.73973,10.7637,0,5,92,93,94,95,123,0,0,0,2857.69,-1,0,0
"P",-3.47763,3.18696,12.2271,0,38,14,15,16,17,27,28,29,30,32,33,34,35,67,68,69,70,84,85,86,88,89,90,93,94,95,96,97,98,99,100,102,117,119,120,123,124,125,126,0,0,0,1039.08,-1,0,0
"P",-4.44245,0.347556,10.695,0,56,15,16,17,18,26,27,28,29,30,32,33,34,35,36,37,38,43,44,45,67,68,69,70,71,72,73,74,76,77,82,83,84,85,86,88,89,90,91,92,93,94,95,96,97,98,99,100,102,118,119,120,123,124,125,126,127,0,0,0,1041.03,-1,0,0
"P",-3.79492,1.78863,10.648,0,53,15,16,25,26,27,28,29,30,31,32,33,34,35,36,37,38,43,44,67,68,69,70,71,72,76,77,82,83,84,85,86,88,89,90,93,94,95,96,97,98,99,100,102,115,117,118,119,120,123,124,125,126,127,0,0,0,1041.03,-1,0,0
"P",-2.57636,-4.4826,10.6977,0,47,17,18,19,20,21,22,23,24,25,26,27,35,36,37,38,39,40,41,42,43,44,45,46,68,69,70,71,72,73,74,75,77,81,84,85,86,88,89,90,91,107,122,124,125,126,127,128,0,0,0,1045.16,-1,0,0
"P",-4.01125,-1.43074,12.2289,0,35,17,18,19,25,26,27,28,34,35,36,37,39,43,44,45,69,70,71,72,77,80,86,87,88,89,90,91,106,107,122,124,125,126,127,128,0,0,0,1045.16,-1,0,0
"P",-4.049,-4.96479,12.2294,0,33,18,19,20,24,25,26,27,35,36,37,38,43,44,45,69,70,71,72,73,74,75,77,86,88,89,90,91,107,124,125,126,127,128,0,0,0,1047.02,-1,0,0
"P",-3.61612,-2.63586,12.2321,0,43,18,19,21,22,24,25,26,29,33,34,36,37,38,41,43,44,68,71,72,73,74,75,76,77,84,85,86,89,92,93,94,95,96,99,100,117,119,120,123,125,126,127,128,0,0,0,1047.02,-1,0,0
"P",6.54696,-8.92781,10.2101,0,10,46,47,48,49,50,51,75,113,114,128,0,0,0,1174.36,-1,0,0
"P",-4.46275,-2.66298,10.6882,0,43,18,19,22,23,24,25,26,27,28,34,35,36,37,38,39,40,41,42,43,44,45,69,70,71,72,73,74,75,76,77,84,86,88,89,90,91,92,93,124,125,126,127,128,0,0,0,1047.02,-1,0,0
"P",-4.44051,-4.36918,10.6867,0,25,18,19,20,21,22,23,44,69,70,71,72,73,74,75,77,84,85,88,89,123,124,125,126,127,128,0,0,0,1047.02,-1,0,0
"P",-2.57651,-7.66899,10.6784,0,29,3,20,21,22,23,24,25,26,37,38,39,40,41,42,43,46,47,70,71,72,73,74,75,88,92,125,126,127,128,0,0,0,1049,-1,0,0
"P",6.56167,-6.83681,10.2141,0,19,3,21,46,47,48,49,50,51,52,74,75,105,106,109,113,114,126,127,128,0,0,0,1051.17,-1,0,0
"P",-3.84775,-6.08166,10.6487,0,35,21,22,23,24,25,26,27,35,36,37,38,39,40,41,42,43,44,46,69,70,71,72,73,74,75,86,88,89,90,91,92,124,126,127,128,0,0,0,1062.25,-1,0,0
"P",-4.5673,-6.70061,10.6774,0,25,21,22,23,24,25,26,36,37,38,39,40,41,42,43,70,71,72,73,74,75,86,88,90,91,92,0,0,0,1062.25,-1,0,0
"P",-5.14155,-5.20817,10.3785,0,24,22,23,26,27,35,36,37,39,40,41,42,43,44,69,70,71,72,85,86,88,90,91,92,93,0,0,0,1077.64,-1,0,0
"P",-6.30817,-7.16131,10.6229,0,22,22,23,24,25,26,36,37,38,39,40,41,42,43,71,72,73,74,86,89,90,91,92,0,0,0,1077.64,-1,0,0
"P",-6.45594,-5.95728,10.6827,0,23,22,23,24,25,26,36,37,38,39,40,41,42,43,70,71,72,73,74,88,89,90,91,92,0,0,0,1077.64,-1,0,0
"P",-6.34696,-4.12333,10.6836,0,32,22,23,24,25,26,27,34,35,36,37,38,39,40,41,42,43,44,69,70,71,72,73,74,84,85,86,88,89,90,91,92,93,0,0,0,1077.64,-1,0,0
"P",-5.38541,-4.65189,10.7618,0,34,22,23,24,25,26,27,28,35,36,37,38,39,40,41,42,43,44,69,70,71,72,73,74,75,84,85,86,88,89,90,91,92,93,123,0,0,0,1077.64,-1,0,0
"P",-5.40351,-7.63839,10.7535,0,19,22,23,24,25,37,38,39,40,41,42,43,71,72,73,74,75,88,91,92,0,0,0,1077.64,-1,0,0
"P",-7.72175,-4.75889,10.8487,0,23,23,24,25,26,35,36,37,38,39,40,41,42,43,70,71,72,73,86,89,90,91,92,93,0,0,0,1081.34,-1,0,0
"P",-4.02729,-3.41867,10.6389,0,38,23,24,25,26,27,28,29,34,35,36,37,38,40,41,43,44,45,69,70,71,72,73,76,77,84,85,86,88,89,90,91,92,93,123,124,125,126,127,0,0,0,1081.34,-1,0,0
"P",-6.81815,-4.78326,10.8485,0,27,23,24,25,26,27,35,36,37,38,39,40,41,42,43,70,71,72,73,74,85,86,88,89,90,91,92,93,0,0,0,1081.34,-1,0,0
"P",-7.8824,-6.80662,10.8379,0,12,23,24,37,38,39,40,41,42,73,90,91,92,0,0,0,1081.34,-1,0,0
"P",-6.89764,-6.58975,10.8454,0,22,23,24,25,26,36,37,38,39,40,41,42,43,71,72,73,74,86,88,89,90,91,92,0,0,0,1081.34,-1,0,0
"P",-4.58103,-5.96581,10.682,0,25,23,24,25,26,27,35,36,37,38,39,40,41,42,43,70,71,72,73,74,88,89,90,91,92,128,0,0,0,1081.34,-1,0,0
"P",-6.3322,-2.60132,10.6864,0,31,23,24,25,26,27,28,35,36,37,38,39,40,41,42,43,44,69,70,71,72,73,74,76,77,86,88,89,90,91,92,127,0,0,0,1081.34,-1,0,0
"P",-7.5595,-5.84947,10.841,0,17,23,24,25,36,37,38,39,40,41,42,71,73,86,89,90,91,92,0,0,0,1081.34,-1,0,0
"P",-3.93461,-0.808352,10.6368,0,48,24,25,26,27,28,29,30,32,34,35,36,37,38,39,42,43,44,45,69,70,71,72,73,74,75,76,77,84,85,86,88,89,90,91,92,93,95,97,117,118,119,120,123,124,125,126,127,128,0,0,0,1083.63,-1,0,0
"P",-7.87999,-3.18011,10.855,0,27,23,25,26,27,35,36,37,38,39,40,41,42,43,70,71,72,73,85,86,88,89,90,91,92,93,94,95,0,0,0,1083.63,-1,0,0
"P",-5.37378,-2.57065,10.7656,0,33,23,25,26,27,35,36,37,38,39,40,41,42,43,44,69,70,71,74,75,77,84,85,88,89,90,91,92,96,124,125,126,127,128,0,0,0,1083.63,-1,0,0
"P",-6.34758,-1.27093,10.6845,0,43,24,25,26,27,28,29,33,34,35,36,37,38,39,41,43,44,69,70,71,72,73,76,77,83,84,85,86,88,89,90,91,92,93,94,95,96,97,115,117,123,125,126,127,0,0,0,1083.63,-1,0,0
"P",-7.40964,-4.11999,10.8333,0,24,24,25,26,27,35,36,37,38,39,40,41,42,43,70,71,72,73,86,88,89,90,91,92,93,0,0,0,1083.63,-1,0,0
"P",-7.52732,-2.30277,10.8598,0,26,25,26,27,35,36,37,38,39,40,41,42,43,71,72,73,85,86,88,89,90,91,92,93,94,95,96,0,0,0,1085.73,-1,0,0
"P",-3.19105,-8.17368,10.6008,0,12,25,26,37,70,71,72,73,84,85,88,92,127,0,0,0,1085.73,-1,0,0
"P",4.84051,-9.66925,10.6902,0,11,3,46,47,48,49,50,74,75,114,127,128,0,0,0,1165.58,-1,0,0
"P",-6.3133,0.137112,10.6852,0,45,25,26,27,28,29,30,32,33,34,35,36,37,38,43,44,69,70,71,72,73,76,77,83,84,85,86,88,89,90,91,92,93,94,95,96,97,115,116,117,119,123,124,125,126,127,0,0,0,1085.73,-1,0,0
"P",-5.35529,-0.234263,10.769,0,52,24,26,27,28,29,30,31,32,33,34,35,36,38,39,43,44,45,68,69,70,71,72,73,74,76,77,82,83,84,85,86,88,89,90,91,92,93,94,95,96,97,115,116,117,118,119,123,124,125,126,127,128,0,0,0,1085.73,-1,0,0
"P",-5.36202,-1.31528,10.7682,0,45,25,26,27,28,29,30,33,34,35,36,37,38,39,40,41,42,43,44,68,69,70,71,72,73,74,75,76,77,85,86,88,89,90,91,92,93,94,95,96,123,124,125,126,127,128,0,0,0,1085.73,-1,0,0
"P",-5.57768,0.251751,12.2295,0,33,24,26,27,28,29,34,36,43,44,68,69,70,71,72,76,85,86,88,89,90,91,92,93,94,95,96,99,116,123,124,125,126,127,0,0,0,1085.73,-1,0,0
"P",-5.96733,-2.17244,12.2323,0,32,25,27,28,29,33,34,35,37,38,39,40,41,42,69,74,75,77,85,86,88,90,91,92,93,94,95,96,123,124,125,127,128,0,0,0,1087.85,-1,0,0
"P",-7.30507,-0.832795,10.8482,0,31,26,27,28,29,33,34,35,36,37,38,39,40,41,43,70,71,72,84,85,86,88,89,90,91,92,93,94,95,96,97,125,0,0,0,1087.85,-1,0,0
"P",-6.302,1.19765,10.6855,0,37,26,27,28,29,30,31,32,33,34,35,36,68,70,82,83,84,85,86,88,89,90,91,92,93,94,95,96,97,98,102,115,116,117,119,123,124,125,0,0,0,1087.85,-1,0,0
"P",-5.9995,2.23421,12.2387,0,41,26,27,28,29,30,31,32,33,34,35,36,37,43,67,69,71,72,82,84,85,86,88,89,90,91,93,94,95,96,97,99,100,102,115,117,118,119,120,123,125,126,0,0,0,1087.85,-1,0,0
"P",-7.92408,-1.24146,10.8527,0,26,26,27,28,34,35,36,37,38,39,40,43,70,71,72,73,85,86,88,89,90,91,92,93,94,95,96,0,0,0,1087.85,-1,0,0
"P",-7.74331,0.0437146,10.8549,0,25,27,28,29,33,34,35,36,37,43,72,83,84,85,86,88,89,90,91,92,93,94,95,96,97,115,0,0,0,1089.86,-1,0,0
"P",-7.52493,2.02944,10.8479,0,31,28,29,30,31,32,33,34,35,36,82,83,84,85,86,88,89,90,91,93,94,95,96,97,98,102,115,116,119,123,124,125,0,0,0,1092.08,-1,0,0
"P",-4.88555,6.42091,10.3609,0,25,28,29,30,32,33,34,67,68,82,83,93,94,95,96,97,98,99,100,102,117,118,119,120,123,124,0,0,0,1092.08,-1,0,0
"P",-7.93994,1.28044,10.8451,0,23,28,29,30,32,33,34,35,36,83,84,85,86,89,90,91,93,94,95,96,97,115,119,124,0,0,0,1092.08,-1,0,0
"P",-7.96527,2.77845,10.8534,0,23,29,30,31,32,33,34,35,36,83,86,89,90,91,93,94,95,96,97,115,116,119,123,124,0,0,0,1094.1,-1,0,0
"P",-5.80735,-3.82394,12.2348,0,27,35,36,37,38,39,40,41,42,44,70,71,72,73,85,86,88,89,90,91,92,93,94,95,123,124,125,126,0,0,0,1116.5,-1,0,0
"P",-4.23541,-8.16653,10.606,0,11,26,36,37,70,71,72,73,74,84,85,88,0,0,0,1116.5,-1,0,0
"P",-7.0859,0.41077,10.765,0,20,36,37,43,68,77,84,85,86,88,89,90,91,92,93,94,95,96,97,115,123,0,0,0,1118.4,-1,0,0
"P",-5.89596,-6.31874,12.2289,0,12,25,37,38,39,40,41,42,73,74,75,90,92,0,0,0,1118.4,-1,0,0
"P",6.06134,-9.57347,10.1958,0,12,3,46,47,48,49,50,51,74,75,114,127,128,0,0,0,1165.58,-1,0,0
"P",-0.817437,-8.19566,10.5992,0,15,72,73,74,75,84,85,88,92,103,107,124,125,126,127,128,0,0,0,2561.83,-1,0,0
"P",-1.73906,-8.18683,10.5987,0,12,72,73,74,75,84,85,88,92,124,125,126,127,0,0,0,2561.83,-1,0,0
"P",1.77223,-8.21832,10.5995,0,17,72,73,74,75,84,92,103,104,105,107,108,113,114,125,126,127,128,0,0,0,2561.83,-1,0,0
"P",-7.88382,-7.52388,10.5073,0,8,84,85,86,88,89,90,91,92,0,0,0,2767.41,-1,0,0
"P",0.159744,6.32869,10.6148,0,11,68,99,106,109,110,121,122,123,124,125,126,0,0,0,2983.32,-1,0,0
"P",-1.3841,9.14508,10.6091,0,11,30,97,98,99,100,101,102,117,119,120,124,0,0,0,2935.39,-1,0,0
"P",-6.75164,7.39392,10.7725,0,5,93,95,96,102,120,0,0,0,2874.79,-1,0,0
"P",-7.54186,8.09199,10.831,0,10,33,94,95,96,97,115,116,117,118,119,0,0,0,2868.08,-1,0,0
"P",-6.7699,3.08656,10.7701,0,13,83,84,85,86,89,90,93,94,95,96,97,117,123,0,0,0,2765.32,-1,0,0
"P",-3.51213,6.35917,10.6024,0,8,93,94,95,96,99,123,124,125,0,0,0,2868.08,-1,0,0
"P",-6.8428,-8.15027,10.6219,0,5,84,85,86,91,92,0,0,0,2767.41,-1,0,0
"P",-7.66807,-7.89949,9.72655,0,6,84,85,86,88,91,92,0,0,0,2767.41,-1,0,0
